ZIPt@C,o͔NE,nԋ,n,nԋiMEn\nԁj,nԁiMEn\nԁj
45301-3500-1.zip,202202091530,{S,nO-182941,,
45301-3500-1.zip,202202091530,{S,nO-182942,,
45301-3500-2.zip,202202091530,{S厚[,-15835,,
45301-3500-3.zip,202202091530,{S厚,-1414,,
45301-3500-3.zip,202202091530,{S厚,-1419,,
45301-3500-3.zip,202202091530,{S厚,-1421,,
45301-3500-3.zip,202202091530,{S厚,-1424,,
45301-3500-3.zip,202202091530,{S厚,-1426,,
45301-3500-3.zip,202202091530,{S厚,-1428,,
45301-3500-3.zip,202202091530,{S厚,-1433,,
45301-3500-3.zip,202202091530,{S厚,-1439,,
45301-3500-3.zip,202202091530,{S厚,-1442,,
45301-3500-3.zip,202202091530,{S厚,-1444,,
45301-3500-3.zip,202202091530,{S厚,-1446,,
45301-3500-3.zip,202202091530,{S厚,-1448,,
45301-3500-3.zip,202202091530,{S厚,-1449,,
45301-3500-3.zip,202202091530,{S厚,-1452,,
45301-3500-3.zip,202202091530,{S厚,-1413,,
45301-3500-3.zip,202202091530,{S厚,-1416,,
45301-3500-3.zip,202202091530,{S厚,-1418,,
45301-3500-3.zip,202202091530,{S厚,-1423,,
45301-3500-3.zip,202202091530,{S厚,-1437,,
45301-3500-3.zip,202202091530,{S厚,-1440,,
45301-3500-3.zip,202202091530,{S厚,-1451,,
45301-3500-3.zip,202202091530,{S厚,-133,,
45301-3500-4.zip,202202091530,{S厚,-14133,,
45301-3500-4.zip,202202091530,{S厚,s-13287,,
45301-3500-4.zip,202202091530,{S厚,s-13288,,
45301-3500-5.zip,202202091530,{S,nO-830874,,
45301-3500-6.zip,202202091530,{S厚D,-15528,,
45301-3500-7.zip,202202091530,{S厚[,-14887,,
45301-3500-7.zip,202202091530,{S厚[,-14889,,
45301-3500-7.zip,202202091530,{S厚[,-14892,,
45301-3500-7.zip,202202091530,{S厚[,-14893,,
45301-3500-8.zip,202202091530,{S厚,-1498,,
45301-3500-8.zip,202202091530,{S厚,-1511,,
45301-3500-8.zip,202202091530,{S厚,-1515,,
45301-3500-8.zip,202202091530,{S厚,-1508,,
45301-3500-8.zip,202202091530,{S厚,-1510,,
45301-3500-8.zip,202202091530,{S厚,s-630,,
45301-3500-8.zip,202202091530,{S厚,s-631,,
45301-3500-8.zip,202202091530,{S厚,s-632,,
45301-3500-8.zip,202202091530,{S,nO-4328831,,
45301-3500-8.zip,202202091530,{S厚,s-629,,
45301-3500-9.zip,202202091530,{S厚,ʐ}-626,,
45301-3500-9.zip,202202091530,{S厚,-200,,
45301-3500-9.zip,202202091530,{S厚,-1084,,
45301-3500-9.zip,202202091530,{S厚,-1088,,
45301-3500-9.zip,202202091530,{S厚,-1090,,
45301-3500-9.zip,202202091530,{S厚,-1091,,
45301-3500-9.zip,202202091530,{S厚,-1092,,
45301-3500-9.zip,202202091530,{S厚,-1094,,
45301-3500-9.zip,202202091530,{S厚,-1108,,
45301-3500-9.zip,202202091530,{S厚,-1109,,
45301-3500-9.zip,202202091530,{S厚,-1111,,
45301-3500-9.zip,202202091530,{S厚,-1392,,
45301-3500-9.zip,202202091530,{S厚,-1395,,
45301-3500-9.zip,202202091530,{S厚,-1397,,
45301-3500-9.zip,202202091530,{S厚,-1399,,
45301-3500-9.zip,202202091530,{S厚,-1082,,
45301-3500-9.zip,202202091530,{S厚,-1083,,
45301-3500-9.zip,202202091530,{S厚,-1097,,
45301-3500-9.zip,202202091530,{S厚,-1098,,
45301-3500-9.zip,202202091530,{S厚,-1099,,
45301-3500-9.zip,202202091530,{S厚,-1100,,
45301-3500-9.zip,202202091530,{S厚,-1102,,
45301-3500-9.zip,202202091530,{S厚,-1110,,
45301-3500-9.zip,202202091530,{S厚,-1114,,
45301-3500-9.zip,202202091530,{S,nO-4345134,,
45301-3500-9.zip,202202091530,{S,nO-4345135,,
45301-3500-9.zip,202202091530,{S,nO-4345136,,
45301-3500-9.zip,202202091530,{S,nO-4345137,,
45301-3500-9.zip,202202091530,{S,nO-4345138,,
45301-3500-9.zip,202202091530,{S,nO-4345139,,
45301-3500-9.zip,202202091530,{S,nO-4345140,,
45301-3500-9.zip,202202091530,{S,nO-4345141,,
45301-3500-9.zip,202202091530,{S,nO-4345142,,
45301-3500-9.zip,202202091530,{S,nO-4345143,,
45301-3500-9.zip,202202091530,{S,nO-4345144,,
45301-3500-9.zip,202202091530,{S厚,-1393,,
45301-3500-9.zip,202202091530,{S厚,-1112,,
45301-3500-9.zip,202202091530,{S厚,-1113,,
45301-3500-9.zip,202202091530,{S厚,-1116,,
45301-3500-10.zip,202202091530,{S厚,-1040,,
45301-3500-11.zip,202202091530,{S厚,-1461,,
45301-3500-11.zip,202202091530,{S厚,-1463,,
45301-3500-11.zip,202202091530,{S厚,-1464,,
45301-3500-11.zip,202202091530,{S厚,-1465,,
45301-3500-11.zip,202202091530,{S厚,-1473,,
45301-3500-11.zip,202202091530,{S厚,-1482,,
45301-3500-11.zip,202202091530,{S厚,-1757,,
45301-3500-11.zip,202202091530,{S厚,-1470,,
45301-3500-11.zip,202202091530,{S厚,-1472,,
45301-3500-11.zip,202202091530,{S厚,-1478,,
45301-3500-11.zip,202202091530,{S厚,-1480,,
45301-3500-11.zip,202202091530,{S厚,-1483,,
45301-3500-11.zip,202202091530,{S厚,-1485,,
45301-3500-11.zip,202202091530,{S厚,-1487,,
45301-3500-11.zip,202202091530,{S厚,-1491,,
45301-3500-11.zip,202202091530,{S厚,-1756,,
45301-3500-11.zip,202202091530,{S,nO-4355972,,
45301-3500-11.zip,202202091530,{S厚,-1847,,
45301-3500-11.zip,202202091530,{S厚,s-252,,
45301-3500-11.zip,202202091530,{S厚,s-626,,
45301-3500-11.zip,202202091530,{S厚,s-628,,
45301-3500-12.zip,202202091530,{S厚,-989,,
45301-3500-12.zip,202202091530,{S厚,-990,,
45301-3500-12.zip,202202091530,{S厚,-991,,
45301-3500-12.zip,202202091530,{S厚,-993,,
45301-3500-12.zip,202202091530,{S厚,-1730,,
45301-3500-12.zip,202202091530,{S厚,-1729,,
45301-3500-12.zip,202202091530,{S,nO-4359318,,
45301-3500-12.zip,202202091530,{S,nO-4359320,,
45301-3500-13.zip,202202091530,{S厚[,-14896,,
